{stitle:新北投溫泉區, area:北投區, longitude:121.508447, latitude:25.137077, image:https://www.travel.taipei/d_upload_ttn/sceneadmin/pic/11000848.jpg, }
{stitle:大稻埕碼頭, area:大同區, longitude:121.508274, latitude:25.056847, image:https://www.travel.taipei/d_upload_ttn/sceneadmin/pic/11000340.jpg, }
{stitle:士林官邸, area:士林區, longitude:121.530849, latitude:25.091713, image:https://www.travel.taipei/d_upload_ttn/sceneadmin/image/A0/B0/C0/D7/E150/F719/71eb4b56-f771-43bc-856c-2fb265a5cc6e.jpg, }
{stitle:國立故宮博物院, area:士林區, longitude:121.5496, latitude:25.1013, image:https://www.travel.taipei/d_upload_ttn/sceneadmin/image/A0/B0/C0/D14/E810/F21/48d66fbd-1ba3-4efd-837a-3767db5f52e0.jpg, }
{stitle:北投圖書館, area:北投區, longitude:121.506343, latitude:25.136571, image:https://www.travel.taipei/d_upload_ttn/sceneadmin/image/A0/B0/C1/D878/E726/F304/2d6e8b50-76ce-4b7e-a795-0357cd6f2b3e.jpg, }
{stitle:陽明山溫泉區, area:北投區, longitude:121.547742, latitude:25.15579, image:https://www.travel.taipei/d_upload_ttn/sceneadmin/pic/11000985.jpg, }
{stitle:關渡、金色水岸、八里左岸自行車道, area:北投區, longitude:121.465255, latitude:25.124904, image:https://www.travel.taipei/d_upload_ttn/sceneadmin/pic/11000979.jpg, }
{stitle:大安森林公園, area:大安區, longitude:121.5362, latitude:25.0296, image:https://www.travel.taipei/d_upload_ttn/sceneadmin/image/A0/B0/C0/D11/E257/F345/546f42a1-cbfb-49fc-b4d8-c33f1c44190c.jpg, }
{stitle:地熱谷, area:北投區, longitude:121.511592, latitude:25.137940, image:https://www.travel.taipei/d_upload_ttn/sceneadmin/pic/11003993.jpg, }
{stitle:南港山系-象山親山步道, area:信義區, longitude:121.571970, latitude:25.023757, image:https://www.travel.taipei/d_upload_ttn/sceneadmin/pic/11001481.jpg, }
{stitle:艋舺龍山寺, area:萬華區, longitude:121.499962, latitude:25.036798, image:https://www.travel.taipei/d_upload_ttn/sceneadmin/image/A0/B0/C0/D226/E920/F665/1f26af86-e907-44c9-b4d7-5c498dacfc6c.jpg, }
{stitle:行天宮, area:中山區, longitude:121.533838, latitude:25.063059, image:https://www.travel.taipei/d_upload_ttn/sceneadmin/image/A0/B0/C1/D509/E14/F983/d5f49ce0-139c-4e8b-81cf-39e2b32e79bf.jpg, }
{stitle:梅庭, area:北投區, longitude:121.508682, latitude:25.137025, image:https://www.travel.taipei/d_upload_ttn/sceneadmin/image/A0/B0/C1/D931/E93/F956/374f6b31-840b-407f-82b7-e6f70d4d0c49.JPG, }
{stitle:中正紀念堂, area:中正區, longitude:121.52194, latitude:25.03471, image:https://www.travel.taipei/d_upload_ttn/sceneadmin/pic/11000375.jpg, }
{stitle:台北探索館, area:信義區, longitude:121.56376, latitude:25.03758, image:https://www.travel.taipei/d_upload_ttn/sceneadmin/image/A0/B0/C0/D6/E578/F270/f6f669d9-997f-48c0-845a-be267b3d6ad5.jpg, }
{stitle:二格山系-指南宮貓空親山步道, area:文山區, longitude:121.581059, latitude:24.984413, image:https://www.travel.taipei/d_upload_ttn/sceneadmin/pic/11002820.jpg, }
{stitle:北投溫泉博物館, area:北投區, longitude:121.507153, latitude:25.136691, image:https://www.travel.taipei/d_upload_ttn/sceneadmin/pic/11000382.jpg, }
{stitle:琉園水晶博物館(暫時休館), area:北投區, longitude:121.468942, latitude:25.127255, image:https://www.travel.taipei/d_upload_ttn/sceneadmin/pic/11000813.jpg, }
{stitle:華山1914文化創意產業園區, area:中正區, longitude:121.52887, latitude:25.04381, image:https://www.travel.taipei/d_upload_ttn/sceneadmin/pic/11000956.jpg, }
{stitle:長榮海事博物館, area:中正區, longitude:121.518770, latitude:25.038728, image:https://www.travel.taipei/d_upload_ttn/sceneadmin/pic/11002524.jpg, }
{stitle:台北101, area:信義區, longitude:121.564837, latitude:25.033194, image:https://www.travel.taipei/d_upload_ttn/sceneadmin/pic/11000361.jpg, }
{stitle:袖珍博物館, area:中山區, longitude:121.536287, latitude:25.050375, image:https://www.travel.taipei/d_upload_ttn/sceneadmin/pic/11000762.jpg, }
{stitle:新店溪、大漢溪與淡水河自行車道, area:萬華區, longitude:121.504196, latitude:25.020141, image:https://www.travel.taipei/d_upload_ttn/sceneadmin/pic/11000980.jpg, }
{stitle:北投公園, area:北投區, longitude:121.507289, latitude:25.136663, image:https://www.travel.taipei/d_upload_ttn/sceneadmin/image/A0/B0/C0/D0/E196/F761/d15e55ea-c2a2-41cf-a931-42adab2bb739.jpg, }
{stitle:台北霞海城隍廟, area:大同區, longitude:121.510085, latitude:25.055565, image:https://www.travel.taipei/d_upload_ttn/sceneadmin/pic/11000930.jpg, }
{stitle:國父紀念館, area:信義區, longitude:121.560314, latitude:25.040055, image:https://www.travel.taipei/d_upload_ttn/sceneadmin/pic/11000358.jpg, }
{stitle:陽明山國家公園, area:士林區, longitude:121.547742, latitude:25.15579, image:https://www.travel.taipei/d_upload_ttn/sceneadmin/pic/11003994.JPG, }
{stitle:臺北市立動物園, area:文山區, longitude:121.58211, latitude:24.99883, image:https://www.travel.taipei/d_upload_ttn/sceneadmin/pic/11003997.JPG, }
{stitle:碧湖公園, area:內湖區, longitude:121.581244, latitude:25.082220, image:https://www.travel.taipei/d_upload_ttn/sceneadmin/pic/11002936.jpg, }
{stitle:基隆河左、右岸親水, area:士林區, longitude:121.530239, latitude:25.071668, image:https://www.travel.taipei/d_upload_ttn/sceneadmin/pic/11000840.jpg, }
{stitle:大湖公園, area:內湖區, longitude:121.60231, latitude:25.08282, image:https://www.travel.taipei/d_upload_ttn/sceneadmin/image/A0/B0/C0/D727/E874/F732/1f40db60-ded0-416a-976e-baeea0464d8e.jpg, }
{stitle:臺北忠烈祠, area:中山區, longitude:121.5330, latitude:25.0788, image:https://www.travel.taipei/d_upload_ttn/sceneadmin/pic/11000791.jpg, }
{stitle:關渡碼頭-甘豆門, area:北投區, longitude:121.461523, latitude:25.122507, image:https://www.travel.taipei/d_upload_ttn/sceneadmin/pic/11000838.jpg, }
{stitle:社子島環島與二重疏洪道自行車道, area:士林區, longitude:121.503137, latitude:25.08952, image:https://www.travel.taipei/d_upload_ttn/sceneadmin/pic/11000846.jpg, }
{stitle:七星山系-天母古道親山步道, area:士林區, longitude:121.534101, latitude:25.126878, image:https://www.travel.taipei/d_upload_ttn/sceneadmin/pic/11000377.jpg, }
{stitle:台北當代藝術館, area:大同區, longitude:121.51892, latitude:25.05072, image:https://www.travel.taipei/d_upload_ttn/sceneadmin/pic/11000735.jpg, }
{stitle:光點臺北, area:中山區, longitude:121.522450, latitude:25.053225, image:https://www.travel.taipei/d_upload_ttn/sceneadmin/pic/11000394.jpg, }
{stitle:臺北市立美術館, area:中山區, longitude:121.524340, latitude:25.072852, image:https://www.travel.taipei/d_upload_ttn/sceneadmin/image/A0/B0/C0/D532/E822/F530/e168789d-2c35-4c18-af07-04185601e3da.jpg, }
{stitle:行天宮北投分宮-忠義廟, area:北投區, longitude:121.47744, latitude:25.13748, image:https://www.travel.taipei/d_upload_ttn/sceneadmin/pic/11002395.jpg, }
{stitle:景美溪左、右岸自行車道, area:文山區, longitude:121.587451, latitude:25.0029, image:https://www.travel.taipei/d_upload_ttn/sceneadmin/pic/11000844.jpg, }
{stitle:國立歷史博物館, area:中正區, longitude:121.51121, latitude:25.03161, image:https://www.travel.taipei/d_upload_ttn/sceneadmin/pic/11000725.jpg, }
{stitle:冷水坑溫泉區, area:士林區, longitude:121.56286, latitude:25.16791, image:https://www.travel.taipei/d_upload_ttn/sceneadmin/pic/11000851.jpg, }
{stitle:西門紅樓, area:萬華區, longitude:121.506885, latitude:25.042057, image:https://www.travel.taipei/d_upload_ttn/sceneadmin/image/A0/B0/C1/D237/E878/F721/4079be28-42bc-4153-aebd-6a1cbea84d5e.jpg, }
{stitle:松山慈祐宮, area:松山區, longitude:121.57774, latitude:25.05103, image:https://www.travel.taipei/d_upload_ttn/sceneadmin/pic/11000935.jpg, }
{stitle:關渡宮, area:北投區, longitude:121.464010, latitude:25.117655, image:https://www.travel.taipei/d_upload_ttn/sceneadmin/pic/11000948.jpg, }
{stitle:北投文物館, area:北投區, longitude:121.51479, latitude:25.13819, image:https://www.travel.taipei/d_upload_ttn/sceneadmin/image/A0/B0/C1/D330/E107/F267/f51c663d-f50a-4691-9c6b-e578afea70d3.jpg, }
{stitle:內溝溪景觀生態步道, area:內湖區, longitude:121.62398, latitude:25.08037, image:https://www.travel.taipei/d_upload_ttn/sceneadmin/pic/11003130.jpg, }
{stitle:二二八和平公園, area:中正區, longitude:121.515468, latitude:25.040363, image:https://www.travel.taipei/d_upload_ttn/sceneadmin/pic/11000788.jpg, }
{stitle:國立臺灣科學教育館, area:士林區, longitude:121.5159, latitude:25.0959, image:https://www.travel.taipei/d_upload_ttn/sceneadmin/pic/11000729.jpg, }
{stitle:指南宮, area:文山區, longitude:121.587087, latitude:24.978651, image:https://www.travel.taipei/d_upload_ttn/sceneadmin/pic/11000932.jpg, }
{stitle:臺北啤酒工廠(原建國啤酒廠), area:中山區, longitude:121.535389, latitude:25.046111, image:https://www.travel.taipei/d_upload_ttn/sceneadmin/pic/11000870.jpg, }
{stitle:松山文創園區, area:信義區, longitude:121.560437, latitude:25.043303, image:https://www.travel.taipei/d_upload_ttn/sceneadmin/image/A0/B0/C0/D26/E563/F587/cdeaa2fb-0f0e-4f4a-a078-170d23520800.jpg, }
{stitle:大龍峒保安宮, area:大同區, longitude:121.515416, latitude:25.073138, image:https://www.travel.taipei/d_upload_ttn/sceneadmin/image/A0/B0/C1/D775/E454/F120/05e7fcff-c925-4828-8e89-c0bfdd3bfe9c.JPG, }
{stitle:雙溪生活水岸, area:士林區, longitude:121.523704, latitude:25.098516, image:https://www.travel.taipei/d_upload_ttn/sceneadmin/pic/11002566.jpg, }
{stitle:陽明山中山樓, area:北投區, longitude:121.552772, latitude:25.155623, image:https://www.travel.taipei/d_upload_ttn/sceneadmin/image/A0/B0/C0/D370/E882/F626/420c6cf8-45c6-4c31-8e0a-42d44a1a5eac.jpg, }
{stitle:臺北市鄉土教育中心(剝皮寮歷史街區), area:萬華區, longitude:121.50326, latitude:25.03666, image:https://www.travel.taipei/d_upload_ttn/sceneadmin/image/A0/B0/C1/D75/E624/F107/4192a9df-e1cd-49a5-900f-c392ae6a16f6.jpg, }
{stitle:自來水博物館, area:中正區, longitude:121.530106, latitude:25.012652, image:https://www.travel.taipei/d_upload_ttn/sceneadmin/image/A0/B0/C0/D346/E920/F1/050967e9-15b8-4ff5-89ca-ad4a4d6186a7.jpg, }
{stitle:華中河濱公園, area:萬華區, longitude:121.494840, latitude:25.015403, image:https://www.travel.taipei/d_upload_ttn/sceneadmin/image/A0/B0/C0/D0/E197/F323/522aa425-345c-4ac4-96b8-b21a33f165ca.JPG, }
